{"0" : [ 82.726666 , 22.556578 ]  ,"1" : [ 84.688903 , 23.932348 ]  ,"2" : [ 84.386472 , 22.250408 ]  ,"3" : [ 85.693663 , 24.011413 ]  ,"4" : [ 84.875037 , 22.259533 ]  ,"5" : [ 84.701533 , 22.206366 ]  ,"6" : [ 85.862158 , 24.069495 ]  ,"7" : [ 82.015734 , 23.643144 ]  ,"8" : [ 83.890628 , 23.392314 ]  ,"9" : [ 85.509895 , 22.010410 ]  ,"10" : [ 85.691732 , 22.015265 ]  ,"11" : [ 83.036265 , 22.140312 ]  ,"12" : [ 82.957163 , 24.359874 ]  ,"13" : [ 82.456195 , 23.382376 ]  ,"14" : [ 82.691255 , 24.449438 ]  ,"15" : [ 84.007688 , 22.382156 ]  ,"16" : [ 84.170434 , 22.120042 ]  ,"17" : [ 83.595428 , 24.138919 ]  ,"18" : [ 83.113350 , 23.077678 ]  ,"19" : [ 83.424099 , 22.666615 ]  ,"20" : [ 85.437679 , 22.365714 ]  ,"21" : [ 84.146532 , 23.636955 ]  ,"22" : [ 85.238930 , 22.140593 ]  ,"23" : [ 82.935944 , 24.256308 ]  ,"24" : [ 83.890070 , 22.230970 ]  ,"25" : [ 83.423582 , 23.955874 ]  ,"26" : [ 85.804084 , 23.011343 ]  ,"27" : [ 84.945497 , 23.417542 ]  ,"28" : [ 82.722315 , 23.248199 ]  ,"29" : [ 83.092887 , 22.725240 ]  ,"30" : [ 84.933744 , 22.827621 ]  ,"31" : [ 83.975463 , 22.132822 ]  ,"32" : [ 84.178168 , 22.895888 ]  ,"33" : [ 82.604628 , 24.185582 ]  ,"34" : [ 82.195289 , 23.514402 ]  ,"35" : [ 82.596350 , 23.943583 ]  ,"36" : [ 83.523111 , 22.043597 ]  ,"37" : [ 85.044710 , 24.091268 ]  ,"38" : [ 85.650440 , 22.458357 ]  ,"39" : [ 83.947443 , 23.761371 ]  ,"40" : [ 84.809378 , 22.781592 ]  ,"41" : [ 85.962368 , 24.434841 ]  ,"42" : [ 83.432024 , 22.374749 ]  ,"43" : [ 84.130409 , 22.392081 ]  ,"44" : [ 85.402912 , 23.092456 ]  ,"45" : [ 83.274986 , 24.273663 ]  ,"46" : [ 83.679531 , 22.347593 ]  ,"47" : [ 82.452841 , 22.109098 ]  ,"48" : [ 82.312683 , 22.650230 ]  ,"49" : [ 84.769398 , 22.291886 ], "50" : [ 76.738959 , 27.984043 ]  ,"51" : [ 76.780801 , 27.415709 ]  ,"52" : [ 76.693024 , 27.398197 ]  ,"53" : [ 77.488266 , 27.295757 ]  ,"54" : [ 75.458504 , 27.723567 ]  ,"55" : [ 75.337260 , 27.183614 ]  ,"56" : [ 76.459430 , 27.748946 ]  ,"57" : [ 77.018966 , 27.095305 ]  ,"58" : [ 75.668209 , 27.615254 ]  ,"59" : [ 76.035402 , 27.799834 ]  ,"60" : [ 76.217302 , 27.439724 ]  ,"61" : [ 76.820979 , 27.517062 ]  ,"62" : [ 77.031793 , 27.548258 ]  ,"63" : [ 76.263235 , 27.878244 ]  ,"64" : [ 75.911626 , 27.737389 ]  ,"65" : [ 75.857932 , 27.063614 ]  ,"66" : [ 75.353693 , 27.321747 ]  ,"67" : [ 76.551121 , 27.679635 ]  ,"68" : [ 76.966037 , 27.993500 ]  ,"69" : [ 75.094822 , 27.326068 ]  ,"70" : [ 77.477322 , 27.225631 ]  ,"71" : [ 75.322552 , 27.292975 ]  ,"72" : [ 75.359580 , 27.060523 ]  ,"73" : [ 77.232415 , 27.174857 ]  ,"74" : [ 76.877919 , 27.049174 ]  ,"75" : [ 76.957076 , 27.507945 ]  ,"76" : [ 77.464640 , 27.286637 ]  ,"77" : [ 76.280830 , 27.035139 ]  ,"78" : [ 75.342139 , 27.158055 ]  ,"79" : [ 77.328304 , 27.389013 ], "80" : [ 76.952745 , 17.444729 ]  ,"81" : [ 76.517951 , 18.014556 ]  ,"82" : [ 76.920488 , 18.111001 ]  ,"83" : [ 77.025962 , 16.074695 ]  ,"84" : [ 76.061574 , 16.298021 ]  ,"85" : [ 76.497208 , 16.474837 ]  ,"86" : [ 76.009165 , 16.418805 ]  ,"87" : [ 76.476174 , 18.172641 ]  ,"88" : [ 76.255144 , 18.494193 ]  ,"89" : [ 77.315957 , 18.785221 ]  ,"90" : [ 76.116830 , 17.148245 ]  ,"91" : [ 77.067122 , 18.601434 ]  ,"92" : [ 76.780911 , 18.851065 ]  ,"93" : [ 76.261666 , 16.275323 ]  ,"94" : [ 76.095215 , 16.490944 ]  ,"95" : [ 76.238568 , 17.743562 ]  ,"96" : [ 77.291362 , 16.541780 ]  ,"97" : [ 76.020919 , 17.607898 ]  ,"98" : [ 76.659184 , 18.021458 ]  ,"99" : [ 77.304785 , 16.989349 ]  ,"100" : [ 76.742995 , 18.231137 ]  ,"101" : [ 76.144356 , 17.480444 ]  ,"102" : [ 76.122626 , 18.636675 ]  ,"103" : [ 76.886730 , 18.081667 ]  ,"104" : [ 76.670454 , 17.758727 ]  ,"105" : [ 77.399418 , 18.579003 ]  ,"106" : [ 76.276502 , 17.687106 ]  ,"107" : [ 76.450680 , 16.083157 ]  ,"108" : [ 76.230935 , 17.770572 ]  ,"109" : [ 76.641017 , 16.859141 ],"110" : [ 79.22004 , 15.369572 ]  ,"111" : [ 79.22017 , 15.369141 ], "112" : [ 79.22100 , 15.370572 ]  ,"113" : [ 78.722017 , 11.12141 ],"114" : [ 78.82100 , 15.370572 ]  ,"115" : [ 82.012017 , 18.86141 ], "116" : [ 79.71700 , 24.462572 ]  ,"117" : [ 76.988017 , 31.36141 ], "118" : [ 72.320957 , 26.482221 ]  ,"119" : [ 72.316830 , 26.448245 ] }